title,url,views
Adele - Hello - YouTube,https://www.youtube.com/watch?v=YQHsXMglC9A,['1.952.951.242 Aufrufe']
Adele , Hell
Adele , Hell
Adele , Hell
Adele , Hell
Adele , Hell
Adele , Hell
Adele , Hell
Adele , Hell
Adele , Hell
Adele , Hell
Adele , Hell
Adele , Hell
Adele , Hell
Adele , Hell
Adele , Hell
Adele , Hell
Adele , Hell
Adele , Hell
Adele , Hell
Adele , Hell
Adele , Hell
Adele , Hell
Adele , Hell
Adele , Hell
Adele , Hell
Adele , Hell
Adele , Hell
Adele , Hell
Adele , Hell
Adele , Hell
Adele , Hell
Adele , Hell
Adele , Hell
Adele , Hell
Adele , Hell
Adele , Hell
Adele , Hell
Adele , Hell
Adele , Hell
A,d,e,l,e, ,-, ,H,e,l,l
A,d,e,l,e, ,-, ,H,e,l,l
A,d,e,l,e, ,-, ,H,e,l,l
A,d,e,l,e, ,-, ,H,e,l,l
A,d,e,l,e, ,-, ,H,e,l,l
A,d,e,l,e, ,-, ,H,e,l,l
A,d,e,l,e, ,-, ,H,e,l,l
A,d,e,l,e, ,-, ,H,e,l,l
Adele , Hello , 
Adele , Hello , 
Adele , Hello , 
Adele , Hello , 
Adele , Hello , 
Adele , Hello , 
Adele , Hello , 
Adele , Hello , 
Adele , Hello , 
Adele , Hello , 
Adele , Hello , 
Adele , Hello , 
Adele , Hello , 
